Centroid_X1,Centroid_X2,Centroid_X3,Centroid_X4
5.901612903225808,2.748387096774194,4.393548387096775,1.4338709677419348
5.006000000000001,3.418,1.464,0.244
6.8500000000000005,3.0736842105263156,5.742105263157893,2.071052631578947
